Workbook

Sheet ❓ Mode d'Emploi
A1: ❓ MODE D'EMPLOI — Comment utiliser ce fichier
A3: 🟢 ÉTAPE 1 : Enregistrer vos taureaux
A4: Allez dans l'onglet "🐂 Taureaux" et renseignez le nom, la race, le numéro de boucle et la date de naissance de chaque taureau reproducteur.
A5: 🟢 ÉTAPE 2 : Saisir une saillie
A6: Dans l'onglet "📋 Suivi Reproduction", remplissez les colonnes VERTES : - Nom de la vache, sa race, son n° de boucle - Si c'est son premier veau (Primipare = Oui) - Nom du taureau et sa race - DATE DE SAILLIE (la plus importante !)
A7: 🔵 ÉTAPE 3 : Les calculs se font tout seuls !
A8: Les colonnes BLEUES se calculent automatiquement : - Durée de gestation selon la race - Date de tarissement prévue - Date de vêlage prévue - Prochaine saillie possible - Statut en cours
A9: 🟠 ÉTAPE 4 : Après le vêlage
A10: Quand la vache a vêlé, renseignez : - La date de vêlage réelle - Le sexe du veau (Mâle / Femelle / Jumeaux) - Le poids du veau en kg - La facilité du vêlage (1 à 5)
A11: 📊 ÉTAPE 5 : Consulter le tableau de bord
A12: L'onglet "📊 Tableau de Bord" vous donne une vue d'ensemble : - Combien de vaches gestantes, taries, vêlées - Les alertes pour les vêlages à venir - Les statistiques de votre troupeau
A13: 📚 AIDE : Comprendre les durées
... A16: - NE MODIFIEZ PAS les colonnes bleues (elles contiennent des formules) - Sauvegardez régulièrement votre fichier - Les dates doivent être au format JJ/MM/AAAA - En cas de doute sur une race, choisissez "Autre" (283 jours par défaut)

Sheet 📋 Suivi Reproduction
A1: 🐄 CARNET DE SUIVI REPRODUCTION BOVINE
A2: Saisir uniquement les colonnes vertes — Les colonnes blanches se calculent automatiquement
A3: N° | B3: Nom de la Vache | C3: Race Vache | D3: N° Boucle Vache | E3: Primipare (Oui/Non) | F3: Nom du Taureau | G3: Race Taureau | H3: Date de Saillie | I3: Durée Gestation (jours auto) | J3: Date Tarissement Prévue | K3: Date Vêlage Prévue | L3: Date Vêlage Réelle | M3: Sexe Veau | N3: Poids Veau (kg) | O3: Facilité Vêlage | P3: Proch. Saillie au + tôt | Q3: Statut | R3: Observations
A4: 1 | I4: =IF(C4="","",VLOOKUP(C4,Références!A:B,2,FALSE())) | J4: =IF(OR(H4="",I4=""),"",IF(E4="Oui",H4+I4-60,H4+I4-55)) | K4: =IF(OR(H4="",I4=""),"",H4+I4) | P4: =IF(L4="","",L4+60) | Q4: =IF(H4="","",IF(L4<>"","✅ Vêlée",IF(TODAY()>=K4,"⚠️ Terme dépassé",IF(TODAY()>=J4,"🔶 Tarie",IF(TODAY()>=H4,"🟢 Gestante","")))))
A5: 2 | I5: =IF(C5="","",VLOOKUP(C5,Références!A:B,2,FALSE())) | J5: =IF(OR(H5="",I5=""),"",IF(E5="Oui",H5+I5-60,H5+I5-55)) | K5: =IF(OR(H5="",I5=""),"",H5+I5) | P5: =IF(L5="","",L5+60) | Q5: =IF(H5="","",IF(L5<>"","✅ Vêlée",IF(TODAY()>=K5,"⚠️ Terme dépassé",IF(TODAY()>=J5,"🔶 Tarie",IF(TODAY()>=H5,"🟢 Gestante","")))))
A6: 3 | I6: =IF(C6="","",VLOOKUP(C6,Références!A:B,2,FALSE())) | J6: =IF(OR(H6="",I6=""),"",IF(E6="Oui",H6+I6-60,H6+I6-55)) | K6: =IF(OR(H6="",I6=""),"",H6+I6) | P6: =IF(L6="","",L6+60) | Q6: =IF(H6="","",IF(L6<>"","✅ Vêlée",IF(TODAY()>=K6,"⚠️ Terme dépassé",IF(TODAY()>=J6,"🔶 Tarie",IF(TODAY()>=H6,"🟢 Gestante","")))))
A7: 4 | I7: =IF(C7="","",VLOOKUP(C7,Références!A:B,2,FALSE())) | J7: =IF(OR(H7="",I7=""),"",IF(E7="Oui",H7+I7-60,H7+I7-55)) | K7: =IF(OR(H7="",I7=""),"",H7+I7) | P7: =IF(L7="","",L7+60) | Q7: =IF(H7="","",IF(L7<>"","✅ Vêlée",IF(TODAY()>=K7,"⚠️ Terme dépassé",IF(TODAY()>=J7,"🔶 Tarie",IF(TODAY()>=H7,"🟢 Gestante","")))))
A8: 5 | I8: =IF(C8="","",VLOOKUP(C8,Références!A:B,2,FALSE())) | J8: =IF(OR(H8="",I8=""),"",IF(E8="Oui",H8+I8-60,H8+I8-55)) | K8: =IF(OR(H8="",I8=""),"",H8+I8) | P8: =IF(L8="","",L8+60) | Q8: =IF(H8="","",IF(L8<>"","✅ Vêlée",IF(TODAY()>=K8,"⚠️ Terme dépassé",IF(TODAY()>=J8,"🔶 Tarie",IF(TODAY()>=H8,"🟢 Gestante","")))))
A9: 6 | I9: =IF(C9="","",VLOOKUP(C9,Références!A:B,2,FALSE())) | J9: =IF(OR(H9="",I9=""),"",IF(E9="Oui",H9+I9-60,H9+I9-55)) | K9: =IF(OR(H9="",I9=""),"",H9+I9) | P9: =IF(L9="","",L9+60) | Q9: =IF(H9="","",IF(L9<>"","✅ Vêlée",IF(TODAY()>=K9,"⚠️ Terme dépassé",IF(TODAY()>=J9,"🔶 Tarie",IF(TODAY()>=H9,"🟢 Gestante","")))))
A10: 7 | I10: =IF(C10="","",VLOOKUP(C10,Références!A:B,2,FALSE())) | J10: =IF(OR(H10="",I10=""),"",IF(E10="Oui",H10+I10-60,H10+I10-55)) | K10: =IF(OR(H10="",I10=""),"",H10+I10) | P10: =IF(L10="","",L10+60) | Q10: =IF(H10="","",IF(L10<>"","✅ Vêlée",IF(TODAY()>=K10,"⚠️ Terme dépassé",IF(TODAY()>=J10,"🔶 Tarie",IF(TODAY()>=H10,"🟢 Gestante","")))))
A11: 8 | I11: =IF(C11="","",VLOOKUP(C11,Références!A:B,2,FALSE())) | J11: =IF(OR(H11="",I11=""),"",IF(E11="Oui",H11+I11-60,H11+I11-55)) | K11: =IF(OR(H11="",I11=""),"",H11+I11) | P11: =IF(L11="","",L11+60) | Q11: =IF(H11="","",IF(L11<>"","✅ Vêlée",IF(TODAY()>=K11,"⚠️ Terme dépassé",IF(TODAY()>=J11,"🔶 Tarie",IF(TODAY()>=H11,"🟢 Gestante","")))))
A12: 9 | I12: =IF(C12="","",VLOOKUP(C12,Références!A:B,2,FALSE())) | J12: =IF(OR(H12="",I12=""),"",IF(E12="Oui",H12+I12-60,H12+I12-55)) | K12: =IF(OR(H12="",I12=""),"",H12+I12) | P12: =IF(L12="","",L12+60) | Q12: =IF(H12="","",IF(L12<>"","✅ Vêlée",IF(TODAY()>=K12,"⚠️ Terme dépassé",IF(TODAY()>=J12,"🔶 Tarie",IF(TODAY()>=H12,"🟢 Gestante","")))))
A13: 10 | I13: =IF(C13="","",VLOOKUP(C13,Références!A:B,2,FALSE())) | J13: =IF(OR(H13="",I13=""),"",IF(E13="Oui",H13+I13-60,H13+I13-55)) | K13: =IF(OR(H13="",I13=""),"",H13+I13) | P13: =IF(L13="","",L13+60) | Q13: =IF(H13="","",IF(L13<>"","✅ Vêlée",IF(TODAY()>=K13,"⚠️ Terme dépassé",IF(TODAY()>=J13,"🔶 Tarie",IF(TODAY()>=H13,"🟢 Gestante","")))))
A14: 11 | I14: =IF(C14="","",VLOOKUP(C14,Références!A:B,2,FALSE())) | J14: =IF(OR(H14="",I14=""),"",IF(E14="Oui",H14+I14-60,H14+I14-55)) | K14: =IF(OR(H14="",I14=""),"",H14+I14) | P14: =IF(L14="","",L14+60) | Q14: =IF(H14="","",IF(L14<>"","✅ Vêlée",IF(TODAY()>=K14,"⚠️ Terme dépassé",IF(TODAY()>=J14,"🔶 Tarie",IF(TODAY()>=H14,"🟢 Gestante","")))))
A15: 12 | I15: =IF(C15="","",VLOOKUP(C15,Références!A:B,2,FALSE())) | J15: =IF(OR(H15="",I15=""),"",IF(E15="Oui",H15+I15-60,H15+I15-55)) | K15: =IF(OR(H15="",I15=""),"",H15+I15) | P15: =IF(L15="","",L15+60) | Q15: =IF(H15="","",IF(L15<>"","✅ Vêlée",IF(TODAY()>=K15,"⚠️ Terme dépassé",IF(TODAY()>=J15,"🔶 Tarie",IF(TODAY()>=H15,"🟢 Gestante","")))))
... A53: 50 | I53: =IF(C53="","",VLOOKUP(C53,Références!A:B,2,FALSE())) | J53: =IF(OR(H53="",I53=""),"",IF(E53="Oui",H53+I53-60,H53+I53-55)) | K53: =IF(OR(H53="",I53=""),"",H53+I53) | P53: =IF(L53="","",L53+60) | Q53: =IF(H53="","",IF(L53<>"","✅ Vêlée",IF(TODAY()>=K53,"⚠️ Terme dépassé",IF(TODAY()>=J53,"🔶 Tarie",IF(TODAY()>=H53,"🟢 Gestante","")))))

Sheet Références
A1: 📚 DURÉES DE GESTATION PAR RACE (Données vétérinaires)
A2: Race | B2: Durée Gestation (jours) | C2: Plage min (jours) | D2: Plage max (jours) | E2: Tarissement recommandé (j) | F2: Source
A3: Holstein | B3: 277 | C3: 271 | D3: 283 | E3: 60 | F3: Réussir Bovins / SuperVet
A4: Prim'Holstein | B4: 277 | C4: 271 | D4: 283 | E4: 60 | F4: Réussir Bovins
A5: Montbéliarde | B5: 280 | C5: 274 | D5: 286 | E5: 60 | F5: IDELE
A6: Normande | B6: 281 | C6: 275 | D6: 287 | E6: 60 | F6: IDELE
A7: Simmental | B7: 282 | C7: 276 | D7: 288 | E7: 58 | F7: IDELE
A8: Brune | B8: 282 | C8: 276 | D8: 288 | E8: 58 | F8: IDELE
A9: Abondance | B9: 283 | C9: 277 | D9: 289 | E9: 58 | F9: IDELE
A10: Aubrac | B10: 285 | C10: 279 | D10: 291 | E10: 55 | F10: Réussir Bovins Viande
A11: Salers | B11: 285 | C11: 279 | D11: 291 | E11: 55 | F11: Réussir Bovins Viande
A12: Charolaise | B12: 290 | C12: 284 | D12: 296 | E12: 55 | F12: Réussir Bovins Viande / Caracterres
A13: Rouge des Prés | B13: 288 | C13: 282 | D13: 294 | E13: 55 | F13: Caracterres
A14: Parthenaise | B14: 288 | C14: 282 | D14: 294 | E14: 55 | F14: Caracterres
... A17: Autre | B17: 283 | C17: 277 | D17: 289 | E17: 58 | F17: Moyenne générale bovine
A19: 📝 NOTES IMPORTANTES
A20: • Primipare (1er veau) : gestation souvent 2 à 3 jours plus courte que la moyenne de la race
A21: • Veau mâle : gestation allongée de 2 à 3 jours en moyenne
A22: • Jumeaux : gestation raccourcie de 3 à 6 jours
A23: • 95% des vêlages ont lieu dans la moyenne ± 6 jours (source: Caracterres / IDELE)
A24: • Tarissement standard : 45 à 60 jours avant vêlage (60j pour primipares, 45-55j pour multipares)
A25: • Tarissement court (hautes productrices >20L/j) : 35-42 jours possible
A26: • Involution utérine post-vêlage : ~50 jours — saillie fécondante idéale > 60 jours post-vêlage
A27: • Intervalle vêlage-vêlage (IVV) objectif : 365 jours (12 mois)
A28: • Cycle oestral moyen : 21 jours (18-24 jours) — Chaleurs : 14-15 heures

Sheet 📊 Tableau de Bord
A1: 📊 TABLEAU DE BORD — Vue d'ensemble du troupeau
A3: Indicateur | B3: Valeur
A4: Nombre total de vaches suivies | B4: =COUNTA('📋 Suivi Reproduction'!B4:B53) -> 0
A5: Vaches gestantes en cours | B5: =COUNTIF('📋 Suivi Reproduction'!Q4:Q53,"*Gestante*") -> 0
A6: Vaches taries en cours | B6: =COUNTIF('📋 Suivi Reproduction'!Q4:Q53,"*Tarie*") -> 0
A7: Vaches ayant vêlé | B7: =COUNTIF('📋 Suivi Reproduction'!Q4:Q53,"*Vêlée*") -> 0
A8: Termes dépassés ⚠️ | B8: =COUNTIF('📋 Suivi Reproduction'!Q4:Q53,"*Terme*") -> 0
A10: Veaux mâles nés | B10: =COUNTIF('📋 Suivi Reproduction'!M4:M53,"Mâle") -> 0
A11: Veaux femelles nés | B11: =COUNTIF('📋 Suivi Reproduction'!M4:M53,"Femelle") -> 0
A12: Naissances jumeaux | B12: =COUNTIF('📋 Suivi Reproduction'!M4:M53,"Jumeaux") -> 0
A13: Poids moyen des veaux (kg) | B13: =IFERROR(AVERAGE('📋 Suivi Reproduction'!N4:N53),0) -> 0
A15: Prochain vêlage prévu | B15: =IFERROR(MIN(IF('📋 Suivi Reproduction'!K4:K53>TODAY(),'📋 Suivi Reproduction'!K4:K53)),"-") -> 0
A16: Prochain tarissement prévu | B16: =IFERROR(MIN(IF('📋 Suivi Reproduction'!J4:J53>TODAY(),'📋 Suivi Reproduction'!J4:J53)),"-") -> 0
A18: 🔔 ALERTES — Vêlages dans les 30 prochains jours
A19: Nom Vache | B19: Date Vêlage Prévue | C19: Jours Restants | D19: Statut

Sheet 🐂 Taureaux
A1: 🐂 FICHE TAUREAUX — Registre des reproducteurs
A2: N° | B2: Nom du Taureau | C2: Race | D2: N° Boucle | E2: Date Naissance | F2: Poids (kg) | G2: Nb Saillies Totales | H2: Observations
A3: 1 | G3: =IF(B3="","",COUNTIF('📋 Suivi Reproduction'!F:F,B3))
A4: 2 | G4: =IF(B4="","",COUNTIF('📋 Suivi Reproduction'!F:F,B4))
A5: 3 | G5: =IF(B5="","",COUNTIF('📋 Suivi Reproduction'!F:F,B5))
A6: 4 | G6: =IF(B6="","",COUNTIF('📋 Suivi Reproduction'!F:F,B6))
A7: 5 | G7: =IF(B7="","",COUNTIF('📋 Suivi Reproduction'!F:F,B7))
A8: 6 | G8: =IF(B8="","",COUNTIF('📋 Suivi Reproduction'!F:F,B8))
A9: 7 | G9: =IF(B9="","",COUNTIF('📋 Suivi Reproduction'!F:F,B9))
A10: 8 | G10: =IF(B10="","",COUNTIF('📋 Suivi Reproduction'!F:F,B10))
A11: 9 | G11: =IF(B11="","",COUNTIF('📋 Suivi Reproduction'!F:F,B11))
A12: 10 | G12: =IF(B12="","",COUNTIF('📋 Suivi Reproduction'!F:F,B12))
A13: 11 | G13: =IF(B13="","",COUNTIF('📋 Suivi Reproduction'!F:F,B13))
A14: 12 | G14: =IF(B14="","",COUNTIF('📋 Suivi Reproduction'!F:F,B14))
... A22: 20 | G22: =IF(B22="","",COUNTIF('📋 Suivi Reproduction'!F:F,B22))
